{
  "CoLI": {
    "correlation_based": {
      "Utility_Payment_Regularity": 0.4217881593868363,
      "Recurring_Payment_Stability": 0.46177039974528095,
      "Expense_Volatility_Inverse": 0.11644144086788273
    },
    "ridge_based": {
      "Utility_Payment_Regularity": 0.45284252871506336,
      "Recurring_Payment_Stability": 0.5471574712849366,
      "Expense_Volatility_Inverse": 0.0
    }
  },
  "BRI": {
    "correlation_based": {
      "CAMELS_Score": 0.014539884169877025,
      "UPI_Success_Rate": 0.9438261056399826,
      "Bank_Tier_Weight": 0.04163401019014044
    },
    "ridge_based": {
      "CAMELS_Score": 0.0,
      "UPI_Success_Rate": 0.9697288413605718,
      "Bank_Tier_Weight": 0.030271158639428166
    }
  },
  "calibration": {
    "CoLI_corr": {
      "intercept": -8.609235999636972,
      "slope": -0.00803672745335961
    },
    "BRI_corr": {
      "intercept": 48.112752755195565,
      "slope": -51.889420453431995
    },
    "CoLI_ridge": {
      "intercept": -8.609803021240808,
      "slope": -0.006782306149081579
    },
    "BRI_ridge": {
      "intercept": 54.61833697911717,
      "slope": -58.19502427351264
    }
  }
}