,coef,abs_coef,weight
CoLI_ridge_risk,-0.0006701828136220187,0.0006701828136220187,0.051595339348654394
BRI_ridge_risk,-0.00037919423937876346,0.00037919423937876346,0.029193012805065158
Financial_Resilience_Index_risk,0.009822892907288225,0.009822892907288225,0.7562346909463854
Payment_Irregularity_Score_risk,0.0014592133327899655,0.0014592133327899655,0.11234040258430411
Expense_Volatility_risk,-0.0006577289513307951,0.0006577289513307951,0.05063655431559102
